{
    "loss": [
        2.2003557682037354,
        1.832065224647522,
        1.758400321006775,
        1.665731430053711,
        1.5647836923599243,
        1.5098094940185547,
        1.4544600248336792,
        1.406193733215332,
        1.3708282709121704,
        1.3369686603546143,
        1.3037828207015991,
        1.2796754837036133,
        1.2582134008407593,
        1.2423627376556396,
        1.2303555011749268,
        1.2300394773483276,
        1.2149522304534912,
        1.1926988363265991,
        1.1831859350204468,
        1.177314043045044,
        1.1685413122177124,
        1.1645774841308594,
        1.1493476629257202,
        1.1485986709594727,
        1.1373285055160522,
        1.1292681694030762,
        1.1272493600845337,
        1.1143980026245117,
        1.1175616979599,
        1.10636568069458,
        1.10243558883667,
        1.0987868309020996,
        1.088524341583252,
        1.082643985748291,
        1.0822275876998901,
        1.085235834121704,
        1.085246205329895,
        1.0702587366104126,
        1.0736624002456665,
        1.0607500076293945,
        1.0711475610733032,
        1.06199049949646,
        1.0571788549423218,
        1.03441321849823,
        1.0193756818771362,
        1.0182781219482422,
        1.005473256111145,
        1.0041253566741943,
        0.9986571073532104,
        0.9985301494598389,
        0.9982842803001404,
        1.0019299983978271,
        0.9954125285148621,
        0.9813467264175415,
        0.9786377549171448,
        0.9828670620918274,
        0.9794439077377319,
        0.9742910265922546,
        0.975525975227356,
        0.9806674122810364,
        0.9687005877494812,
        0.9778669476509094,
        0.9745161533355713
    ],
    "val_loss": [
        1.840662956237793,
        1.7669692039489746,
        2.021622896194458,
        1.8009488582611084,
        1.6907986402511597,
        1.5021244287490845,
        1.3703138828277588,
        1.2450172901153564,
        1.3376275300979614,
        1.2928348779678345,
        1.3093284368515015,
        1.1727325916290283,
        1.1703464984893799,
        1.139482021331787,
        1.1796294450759888,
        1.1721060276031494,
        1.1336647272109985,
        1.1244032382965088,
        1.10457444190979,
        1.1097947359085083,
        1.1003764867782593,
        1.1209571361541748,
        1.1261593103408813,
        1.0711512565612793,
        1.0736216306686401,
        1.1168032884597778,
        1.1082510948181152,
        1.0665462017059326,
        1.0866951942443848,
        1.1887320280075073,
        1.0467255115509033,
        1.0593807697296143,
        1.0365593433380127,
        1.0543863773345947,
        1.0716503858566284,
        1.0476233959197998,
        1.0863763093948364,
        1.0100065469741821,
        1.1256393194198608,
        1.1019033193588257,
        1.04281485080719,
        1.098900318145752,
        1.06057608127594,
        0.9946713447570801,
        1.0014050006866455,
        1.0140975713729858,
        0.9931861162185669,
        0.9851808547973633,
        0.9953652620315552,
        0.9879969358444214,
        0.9945387244224548,
        1.0090349912643433,
        0.9916916489601135,
        0.986268162727356,
        0.9884850382804871,
        0.9877102375030518,
        0.9943071007728577,
        0.988411545753479,
        0.9853593111038208,
        0.9886865019798279,
        0.9868301153182983,
        0.986744225025177,
        0.9876300692558289
    ],
    "accuracy": [
        0.20289097726345062,
        0.24438348412513733,
        0.28078195452690125,
        0.33598920702934265,
        0.3855799436569214,
        0.41562172770500183,
        0.4369122385978699,
        0.4614681303501129,
        0.47653257846832275,
        0.4903343915939331,
        0.5035701990127563,
        0.5138453245162964,
        0.520463228225708,
        0.5320881009101868,
        0.5346569418907166,
        0.5337426066398621,
        0.5400121808052063,
        0.5472831726074219,
        0.5515064597129822,
        0.5552072525024414,
        0.5581243634223938,
        0.5614768266677856,
        0.5682253837585449,
        0.5640456080436707,
        0.5716213583946228,
        0.5750609636306763,
        0.5745384693145752,
        0.5805903673171997,
        0.5769331455230713,
        0.5837251543998718,
        0.5853796601295471,
        0.5892110466957092,
        0.5916928052902222,
        0.5932601690292358,
        0.5948275923728943,
        0.5953500270843506,
        0.5973092913627625,
        0.5970480442047119,
        0.5985283851623535,
        0.6041448712348938,
        0.595001757144928,
        0.601314902305603,
        0.6032305955886841,
        0.6098049283027649,
        0.6182515025138855,
        0.622474730014801,
        0.6233019828796387,
        0.6235196590423584,
        0.6261320114135742,
        0.6273946166038513,
        0.6270898580551147,
        0.6263932585716248,
        0.6287007927894592,
        0.6340560913085938,
        0.6358411908149719,
        0.6350139379501343,
        0.6359717845916748,
        0.6361023783683777,
        0.6350574493408203,
        0.6374085545539856,
        0.6391065716743469,
        0.6307471394538879,
        0.6369296312332153
    ],
    "val_accuracy": [
        0.25674968957901,
        0.2680717706680298,
        0.2950705587863922,
        0.30778610706329346,
        0.3365267515182495,
        0.45950183272361755,
        0.48075246810913086,
        0.5229054093360901,
        0.480229914188385,
        0.4986936151981354,
        0.50409334897995,
        0.5453753471374512,
        0.5549556016921997,
        0.5657550692558289,
        0.5490332841873169,
        0.556697428226471,
        0.5713290572166443,
        0.566974401473999,
        0.579167366027832,
        0.5749869346618652,
        0.5826510787010193,
        0.5762062072753906,
        0.5741159915924072,
        0.600243866443634,
        0.589095950126648,
        0.5694130063056946,
        0.5880508422851562,
        0.5925796627998352,
        0.5936248302459717,
        0.558439314365387,
        0.5953666567802429,
        0.6044242978096008,
        0.6063403487205505,
        0.6018115282058716,
        0.5944957137107849,
        0.6066887378692627,
        0.5960633754730225,
        0.6197526454925537,
        0.5749869346618652,
        0.5971085429191589,
        0.6072112917900085,
        0.5852639079093933,
        0.5978052616119385,
        0.6263717412948608,
        0.6218428611755371,
        0.6218428611755371,
        0.6284619569778442,
        0.6293328404426575,
        0.6281135678291321,
        0.6279394030570984,
        0.6302037835121155,
        0.624978244304657,
        0.6295070648193359,
        0.6319456696510315,
        0.6305521726608276,
        0.6291586756706238,
        0.6284619569778442,
        0.6298554539680481,
        0.6328165531158447,
        0.6310747265815735,
        0.6321198344230652,
        0.631771445274353,
        0.6312488913536072
    ]
}