{
    "loss": [
        35.4996337890625,
        35.40321350097656,
        35.286842346191406,
        35.190467834472656,
        35.07672119140625,
        35.04368209838867,
        34.911399841308594,
        34.835975646972656,
        34.72590637207031,
        34.569297790527344,
        34.449256896972656,
        34.397491455078125,
        34.15784454345703,
        34.042057037353516,
        33.919837951660156,
        33.73326873779297,
        33.57721710205078,
        33.36945343017578,
        33.01493835449219,
        32.95682907104492,
        32.492469787597656,
        32.4185791015625,
        32.0323371887207,
        31.72630500793457,
        31.41956901550293,
        30.887939453125,
        30.481887817382812,
        30.26104736328125,
        29.661996841430664,
        29.31378746032715,
        28.961429595947266,
        28.38719367980957,
        27.942203521728516,
        27.308992385864258,
        26.62085723876953,
        25.903182983398438,
        25.079551696777344,
        25.127418518066406,
        23.47471809387207,
        22.277435302734375,
        22.234725952148438,
        20.631736755371094,
        19.123851776123047,
        18.183551788330078,
        17.026119232177734,
        15.417262077331543,
        16.518753051757812,
        15.295453071594238,
        13.74465274810791,
        14.483469009399414
    ],
    "val_loss": [
        36.998985290527344,
        36.885833740234375,
        36.8554801940918,
        36.708003997802734,
        36.70155715942383,
        36.581634521484375,
        36.42238998413086,
        36.321407318115234,
        36.2473030090332,
        36.13301086425781,
        35.92251205444336,
        35.875247955322266,
        35.686241149902344,
        35.48851776123047,
        35.34354782104492,
        35.189430236816406,
        34.91597366333008,
        34.73347854614258,
        34.52703094482422,
        34.302879333496094,
        34.031822204589844,
        33.700496673583984,
        33.388675689697266,
        33.135555267333984,
        32.721134185791016,
        32.324737548828125,
        31.87151527404785,
        31.469694137573242,
        30.93265724182129,
        30.43521499633789,
        29.99567985534668,
        29.415197372436523,
        28.857192993164062,
        28.25057029724121,
        27.50474739074707,
        26.82439422607422,
        26.036540985107422,
        25.211135864257812,
        24.29026985168457,
        23.39234733581543,
        22.39004898071289,
        21.4042911529541,
        20.344863891601562,
        19.161836624145508,
        18.065959930419922,
        17.088281631469727,
        16.3640193939209,
        15.696671485900879,
        15.377997398376465,
        15.235616683959961
    ],
    "mae": [
        26.220144271850586,
        26.156768798828125,
        26.067169189453125,
        25.994173049926758,
        25.90156364440918,
        25.887863159179688,
        25.773807525634766,
        25.715579986572266,
        25.621919631958008,
        25.481109619140625,
        25.376235961914062,
        25.339216232299805,
        25.114013671875,
        25.012245178222656,
        24.903770446777344,
        24.7307186126709,
        24.587932586669922,
        24.393239974975586,
        24.05158042907715,
        24.00607681274414,
        23.554241180419922,
        23.49265480041504,
        23.118633270263672,
        22.82468032836914,
        22.52988052368164,
        22.010066986083984,
        21.615741729736328,
        21.406509399414062,
        20.8189697265625,
        20.48217010498047,
        20.141130447387695,
        19.57817268371582,
        19.144384384155273,
        18.522287368774414,
        17.84523582458496,
        17.13858413696289,
        16.32590675354004,
        16.384647369384766,
        14.742828369140625,
        13.556307792663574,
        13.524308204650879,
        11.932026863098145,
        10.434792518615723,
        9.505054473876953,
        8.351263046264648,
        6.7256293296813965,
        7.871829986572266,
        6.645181655883789,
        5.107611656188965,
        5.83198356628418
    ],
    "val_mae": [
        27.752534866333008,
        27.666162490844727,
        27.659191131591797,
        27.53285026550293,
        27.545740127563477,
        27.444046020507812,
        27.301990509033203,
        27.21742057800293,
        27.159116744995117,
        27.059995651245117,
        26.86423683166504,
        26.83141326904297,
        26.656431198120117,
        26.472454071044922,
        26.34100341796875,
        26.200145721435547,
        25.939760208129883,
        25.770126342773438,
        25.576278686523438,
        25.364648818969727,
        25.10590171813965,
        24.78679656982422,
        24.48704719543457,
        24.245864868164062,
        23.843263626098633,
        23.45858383178711,
        23.016983032226562,
        22.62666893005371,
        22.101037979125977,
        21.614917755126953,
        21.186662673950195,
        20.617382049560547,
        20.070493698120117,
        19.474946975708008,
        18.740148544311523,
        18.07074546813965,
        17.29376792907715,
        16.479248046875,
        15.569143295288086,
        14.681929588317871,
        13.690337181091309,
        12.71493911743164,
        11.664183616638184,
        10.485326766967773,
        9.402528762817383,
        8.42972469329834,
        7.712362766265869,
        7.054344654083252,
        6.743411540985107,
        6.612116813659668
    ]
}