{
    "loss": [
        11.109892845153809,
        3.4024248123168945,
        1.3785086870193481,
        0.6340901851654053,
        0.3122355341911316,
        0.1641491949558258,
        0.09436514973640442,
        0.06448131799697876,
        0.052242230623960495,
        0.04737802967429161,
        0.04666966572403908,
        0.04465749114751816,
        0.0446212999522686,
        0.04482770338654518,
        0.0456695519387722,
        0.044241853058338165,
        0.04636340215802193,
        0.04630960896611214,
        0.04470076784491539,
        0.04386967048048973,
        0.04456515610218048,
        0.04379355534911156,
        0.041950587183237076,
        0.04394597187638283,
        0.04220180958509445,
        0.04174191132187843,
        0.04258989170193672,
        0.04269324243068695,
        0.040159013122320175,
        0.03952455520629883,
        0.03907661512494087,
        0.040361225605010986,
        0.038607995957136154,
        0.03926300257444382,
        0.03651891276240349,
        0.03742265701293945,
        0.0360541045665741,
        0.0365670882165432,
        0.036008041352033615,
        0.035708244889974594,
        0.03542737290263176,
        0.0349886454641819,
        0.034305017441511154,
        0.03481962904334068,
        0.0338294580578804,
        0.03490522503852844,
        0.034248046576976776,
        0.03376435488462448,
        0.03304627537727356,
        0.03138864040374756
    ],
    "val_loss": [
        5.459018230438232,
        1.9765734672546387,
        0.8859883546829224,
        0.4272008240222931,
        0.216821551322937,
        0.11944326758384705,
        0.07498320937156677,
        0.05671392008662224,
        0.04962973669171333,
        0.04733175411820412,
        0.046439073979854584,
        0.046122584491968155,
        0.04704597219824791,
        0.04790850356221199,
        0.04833187907934189,
        0.04844415932893753,
        0.04896942526102066,
        0.04932459816336632,
        0.04823974519968033,
        0.04855579510331154,
        0.0489138625562191,
        0.04781684651970863,
        0.04645775258541107,
        0.0482858382165432,
        0.04739720746874809,
        0.047387197613716125,
        0.04903026670217514,
        0.046341367065906525,
        0.04320140182971954,
        0.038909781724214554,
        0.04200225695967674,
        0.04762094095349312,
        0.045457664877176285,
        0.038102712482213974,
        0.03578248620033264,
        0.03669070452451706,
        0.042089179158210754,
        0.046614814549684525,
        0.03003694862127304,
        0.029728377237915993,
        0.032071903347969055,
        0.043138012290000916,
        0.04236333817243576,
        0.03798983246088028,
        0.04030603915452957,
        0.043388303369283676,
        0.04045611992478371,
        0.040343236178159714,
        0.04037806764245033,
        0.03945640102028847
    ],
    "accuracy": [
        0.49232736229896545,
        0.54347825050354,
        0.5306905508041382,
        0.5076726078987122,
        0.5690537095069885,
        0.5460358262062073,
        0.5907928347587585,
        0.5869565010070801,
        0.571611225605011,
        0.5818414092063904,
        0.5818414092063904,
        0.5959079265594482,
        0.6176470518112183,
        0.6189258098602295,
        0.622762143611908,
        0.6624041199684143,
        0.6265984773635864,
        0.6508951187133789,
        0.6457800269126892,
        0.6675191521644592,
        0.644501268863678,
        0.6508951187133789,
        0.6905370950698853,
        0.6739130616188049,
        0.7033247947692871,
        0.6943734288215637,
        0.7276214957237244,
        0.7071611285209656,
        0.717391312122345,
        0.7199488282203674,
        0.7455242872238159,
        0.7161125540733337,
        0.7327365875244141,
        0.7250639200210571,
        0.7621483206748962,
        0.7647058963775635,
        0.7710997462272644,
        0.7710997462272644,
        0.7659846544265747,
        0.7672634124755859,
        0.7762148380279541,
        0.7698209881782532,
        0.7736572623252869,
        0.7685421705245972,
        0.7966752052307129,
        0.7659846544265747,
        0.7838874459266663,
        0.7762148380279541,
        0.7928388714790344,
        0.8248081803321838
    ],
    "val_accuracy": [
        0.5076726078987122,
        0.43478259444236755,
        0.5076726078987122,
        0.5076726078987122,
        0.5076726078987122,
        0.49232736229896545,
        0.5076726078987122,
        0.5076726078987122,
        0.5473145842552185,
        0.5012787580490112,
        0.5089514255523682,
        0.4833759665489197,
        0.4795396327972412,
        0.4373401403427124,
        0.46163684129714966,
        0.46035805344581604,
        0.5076726078987122,
        0.5076726078987122,
        0.5051150918006897,
        0.5089514255523682,
        0.48081842064857483,
        0.5127876996994019,
        0.5767263174057007,
        0.52173912525177,
        0.54347825050354,
        0.5549871921539307,
        0.5332480669021606,
        0.571611225605011,
        0.6611253023147583,
        0.7352941036224365,
        0.6739130616188049,
        0.5460358262062073,
        0.5831202268600464,
        0.7263427376747131,
        0.7787723541259766,
        0.7429667711257935,
        0.6432225108146667,
        0.5792838931083679,
        0.8299232721328735,
        0.833759605884552,
        0.7953964471817017,
        0.6202046275138855,
        0.622762143611908,
        0.7199488282203674,
        0.6700767278671265,
        0.6112532019615173,
        0.6547314524650574,
        0.6636828780174255,
        0.6598465442657471,
        0.6739130616188049
    ]
}